feature_type,gene,start_1_based,end_1_based,strand,location,product,pseudo,trans_splicing
gene,rps12,73339,102189,-,"join{[73338:73452](-), [101385:102189](-)}",,no,yes
CDS,rps12,73339,102189,-,"join{[73338:73452](-), [101957:102189](-), [101385:101411](-)}",ribosomal protein S12,no,yes
gene,trnH-GUG,11,84,-,[10:84](-),,no,no
tRNA,trnH-GUG,11,84,-,[10:84](-),tRNA-His,no,no
gene,psbA,551,1612,-,[550:1612](-),,no,no
CDS,psbA,551,1612,-,[550:1612](-),photosystem II protein D1,no,no
gene,trnK-UUU,1884,4479,-,[1883:4479](-),,no,no
tRNA,trnK-UUU,1884,4479,-,"join{[4442:4479](-), [1883:1918](-)}",tRNA-Lys,no,no
gene,matK,2187,3701,-,[2186:3701](-),,no,no
CDS,matK,2187,3701,-,[2186:3701](-),maturase,no,no
gene,rps16,5049,6169,-,[5048:6169](-),,no,no
CDS,rps16,5049,6169,-,"join{[6129:6169](-), [5048:5260](-)}",ribosomal protein S16,no,no
gene,trnQ-UUG,7523,7594,-,[7522:7594](-),,no,no
tRNA,trnQ-UUG,7523,7594,-,[7522:7594](-),tRNA-Gln,no,no
gene,psbK,7944,8129,+,[7943:8129](+),,no,no
CDS,psbK,7944,8129,+,[7943:8129](+),photosystem II protein K,no,no
gene,psbI,8499,8609,+,[8498:8609](+),,no,no
CDS,psbI,8499,8609,+,[8498:8609](+),photosystem II protein I,no,no
gene,trnS-GCU,8759,8846,-,[8758:8846](-),,no,no
tRNA,trnS-GCU,8759,8846,-,[8758:8846](-),tRNA-Ser,no,no
gene,trnG-UCC,9627,10447,+,[9626:10447](+),,no,no
tRNA,trnG-UCC,9627,10447,+,"join{[9626:9649](+), [10399:10447](+)}",tRNA-Gly,no,no
gene,trnR-UCU,10689,10760,+,[10688:10760](+),,no,no
tRNA,trnR-UCU,10689,10760,+,[10688:10760](+),tRNA-Arg,no,no
gene,atpA,11031,12554,-,[11030:12554](-),,no,no
CDS,atpA,11031,12554,-,[11030:12554](-),ATP synthase CF1 alpha subunit,no,no
gene,atpF,12610,13912,-,[12609:13912](-),,no,no
CDS,atpF,12610,13912,-,"join{[13767:13912](-), [12609:13019](-)}",ATPase subunit I,no,no
gene,atpH,14445,14690,-,[14444:14690](-),,no,no
CDS,atpH,14445,14690,-,[14444:14690](-),ATPase subunit III,no,no
gene,atpI,15801,16550,-,[15800:16550](-),,no,no
CDS,atpI,15801,16550,-,[15800:16550](-),ATPase subunit IV,no,no
gene,rps2,16761,17471,-,[16760:17471](-),,no,no
CDS,rps2,16761,17471,-,[16760:17471](-),ribosomal protein S2,no,no
gene,rpoC2,17699,21820,-,[17698:21820](-),,no,no
CDS,rpoC2,17699,21820,-,[17698:21820](-),RNA polymerase beta'' subunit,no,no
gene,rpoC1,21998,24777,-,[21997:24777](-),,no,no
CDS,rpoC1,21998,24777,-,"join{[24324:24777](-), [21997:23614](-)}",RNA polymerase beta' subunit,no,no
gene,rpoB,24783,28001,-,[24782:28001](-),,no,no
CDS,rpoB,24783,28001,-,[24782:28001](-),RNA polymerase beta subunit,no,no
gene,trnC-GCA,29192,29262,+,[29191:29262](+),,no,no
tRNA,trnC-GCA,29192,29262,+,[29191:29262](+),tRNA-Cys,no,no
gene,petN,30154,30243,+,[30153:30243](+),,no,no
CDS,petN,30154,30243,+,[30153:30243](+),cytochrome b6/f complex subunit VIII,no,no
gene,psbM,31206,31310,-,[31205:31310](-),,no,no
CDS,psbM,31206,31310,-,[31205:31310](-),PSII low MW protein M,no,no
gene,trnD-GUC,32314,32387,-,[32313:32387](-),,no,no
tRNA,trnD-GUC,32314,32387,-,[32313:32387](-),tRNA-Asp,no,no
gene,trnY-GUA,32858,32941,-,[32857:32941](-),,no,no
tRNA,trnY-GUA,32858,32941,-,[32857:32941](-),tRNA-Tyr,no,no
gene,trnE-UUC,33001,33073,-,[33000:33073](-),,no,no
tRNA,trnE-UUC,33001,33073,-,[33000:33073](-),tRNA-Glu,no,no
gene,trnT-GGU,33823,33894,+,[33822:33894](+),,no,no
tRNA,trnT-GGU,33823,33894,+,[33822:33894](+),tRNA-Thr,no,no
gene,psbD,35298,36359,+,[35297:36359](+),,no,no
CDS,psbD,35298,36359,+,[35297:36359](+),photosystem II protein D2,no,no
gene,psbC,36307,37728,+,[36306:37728](+),,no,no
CDS,psbC,36307,37728,+,[36306:37728](+),photosystem II 44 kDa protein,no,no
gene,trnS-UGA,37967,38059,-,[37966:38059](-),,no,no
tRNA,trnS-UGA,37967,38059,-,[37966:38059](-),tRNA-Ser,no,no
gene,psbZ,38403,38591,+,[38402:38591](+),,no,no
CDS,psbZ,38403,38591,+,[38402:38591](+),photosystem II protein Z,no,no
gene,trnG-GCC,39432,39502,+,[39431:39502](+),,no,no
tRNA,trnG-GCC,39432,39502,+,[39431:39502](+),tRNA-Gly,no,no
gene,trnfM-CAU,39672,39745,-,[39671:39745](-),,no,no
tRNA,trnfM-CAU,39672,39745,-,[39671:39745](-),tRNA-Met,no,no
gene,rps14,39906,40208,-,[39905:40208](-),,no,no
CDS,rps14,39906,40208,-,[39905:40208](-),ribosomal protein S14,no,no
gene,psaB,40336,42540,-,[40335:42540](-),,no,no
CDS,psaB,40336,42540,-,[40335:42540](-),photosystem I P700 apoprotein A2,no,no
gene,psaA,42566,44818,-,[42565:44818](-),,no,no
CDS,psaA,42566,44818,-,[42565:44818](-),photosystem I P700 apoprotein A1,no,no
gene,ycf3,45516,47504,-,[45515:47504](-),,no,no
CDS,ycf3,45516,47504,-,"join{[47378:47504](-), [46393:46621](-), [45515:45668](-)}",photosystem I assembly protein ycf3,no,no
gene,trnS-GGA,48336,48422,+,[48335:48422](+),,no,no
tRNA,trnS-GGA,48336,48422,+,[48335:48422](+),tRNA-Ser,no,no
gene,rps4,48710,49315,-,[48709:49315](-),,no,no
CDS,rps4,48710,49315,-,[48709:49315](-),ribosomal protein S4,no,no
gene,trnT-UGU,49435,49507,-,[49434:49507](-),,no,no
tRNA,trnT-UGU,49435,49507,-,[49434:49507](-),tRNA-Thr,no,no
gene,trnL-UAA,50701,51293,+,[50700:51293](+),,no,no
tRNA,trnL-UAA,50701,51293,+,"join{[50700:50735](+), [51243:51293](+)}",tRNA-Leu,no,no
gene,trnF-GAA,51459,51531,+,[51458:51531](+),,no,no
tRNA,trnF-GAA,51459,51531,+,[51458:51531](+),tRNA-Phe,no,no
gene,ndhJ,52302,52778,-,[52301:52778](-),,no,no
CDS,ndhJ,52302,52778,-,[52301:52778](-),NADH-plastoquinone oxidoreductase subunit J,no,no
gene,ndhK,52899,53576,-,[52898:53576](-),,no,no
CDS,ndhK,52899,53576,-,[52898:53576](-),NADH-plastoquinone oxidoreductase subunit K,no,no
gene,ndhC,53633,53995,-,[53632:53995](-),,no,no
CDS,ndhC,53633,53995,-,[53632:53995](-),NADH-plastoquinone oxidoreductase subunit 3,no,no
gene,trnV-UAC,54484,55154,-,[54483:55154](-),,no,no
tRNA,trnV-UAC,54484,55154,-,"join{[55115:55154](-), [54483:54518](-)}",tRNA-Val,no,no
gene,trnM-CAU,55327,55399,+,[55326:55399](+),,no,no
tRNA,trnM-CAU,55327,55399,+,[55326:55399](+),tRNA-Met,no,no
gene,atpE,55659,56060,-,[55658:56060](-),,no,no
CDS,atpE,55659,56060,-,[55658:56060](-),ATP synthase CF1 epsilon subunit,no,no
gene,atpB,56057,57553,-,[56056:57553](-),,no,no
CDS,atpB,56057,57553,-,[56056:57553](-),ATP synthase CF1 beta subunit,no,no
gene,rbcL,58334,59761,+,[58333:59761](+),,no,no
CDS,rbcL,58334,59761,+,[58333:59761](+),"ribulose-1,5-bisphosphate carboxylase/oxygenase",no,no
gene,accD,60456,61928,+,[60455:61928](+),,no,no
CDS,accD,60456,61928,+,[60455:61928](+),acetyl-CoA carboxylase carboxyltransferase beta,no,no
gene,psaI,62648,62761,+,[62647:62761](+),,no,no
CDS,psaI,62648,62761,+,[62647:62761](+),photosystem I reaction center subunit VIII,no,no
gene,ycf4,63165,63719,+,[63164:63719](+),,no,no
CDS,ycf4,63165,63719,+,[63164:63719](+),photosystem I assembly protein ycf4,no,no
gene,cemA,64558,65247,+,[64557:65247](+),,no,no
CDS,cemA,64558,65247,+,[64557:65247](+),chloroplast envelope membrane protein,no,no
gene,petA,65462,66424,+,[65461:66424](+),,no,no
CDS,petA,65462,66424,+,[65461:66424](+),cytochrome f,no,no
gene,psbJ,67430,67552,-,[67429:67552](-),,no,no
CDS,psbJ,67430,67552,-,[67429:67552](-),photosystem II protein J,no,no
gene,psbL,67700,67816,-,[67699:67816](-),,no,no
CDS,psbL,67700,67816,-,[67699:67816](-),photosystem II protein L,no,no
gene,psbF,67839,67958,-,[67838:67958](-),,no,no
CDS,psbF,67839,67958,-,[67838:67958](-),photosystem II protein VI,no,no
gene,psbE,67968,68219,-,[67967:68219](-),,no,no
CDS,psbE,67968,68219,-,[67967:68219](-),photosystem II protein V,no,no
gene,petL,69467,69562,+,[69466:69562](+),,no,no
CDS,petL,69467,69562,+,[69466:69562](+),cytochrome b6/f complex subunit VI,no,no
gene,petG,69736,69849,+,[69735:69849](+),,no,no
CDS,petG,69736,69849,+,[69735:69849](+),cytochrome b6/f complex subunit V,no,no
gene,trnW-CCA,69976,70049,-,[69975:70049](-),,no,no
tRNA,trnW-CCA,69976,70049,-,[69975:70049](-),tRNA-Trp,no,no
gene,trnP-UGG,70217,70290,-,[70216:70290](-),,no,no
tRNA,trnP-UGG,70217,70290,-,[70216:70290](-),tRNA-Pro,no,no
gene,psaJ,70698,70832,+,[70697:70832](+),,no,no
CDS,psaJ,70698,70832,+,[70697:70832](+),photosystem I subunit IX,no,no
gene,rpl33,71238,71438,+,[71237:71438](+),,no,no
CDS,rpl33,71238,71438,+,[71237:71438](+),ribosomal protein L33,no,no
gene,rps18,71639,71944,+,[71638:71944](+),,no,no
CDS,rps18,71639,71944,+,[71638:71944](+),ribosomal protein S18,no,no
gene,rpl20,72216,72584,-,[72215:72584](-),,no,no
CDS,rpl20,72216,72584,-,[72215:72584](-),ribosomal protein L20,no,no
gene,rps12,73339,145131,-,"join{[73338:73452](-), [144327:145131](+)}",,no,yes
CDS,rps12,73339,145131,-,"join{[73338:73452](-), [144327:144559](+), [145105:145131](+)}",ribosomal protein S12,no,yes
gene,clpP,73619,75695,-,[73618:75695](-),,no,no
CDS,clpP,73619,75695,-,"join{[75626:75695](-), [74458:74749](-), [73618:73846](-)}",clp protease proteolytic subunit,no,no
gene,psbB,76103,77629,+,[76102:77629](+),,no,no
CDS,psbB,76103,77629,+,[76102:77629](+),photosystem II 47 kDa protein,no,no
gene,psbT,77736,77843,+,[77735:77843](+),,no,no
CDS,psbT,77736,77843,+,[77735:77843](+),photosystem II protein T,no,no
gene,psbN,77909,78040,-,[77908:78040](-),,no,no
CDS,psbN,77909,78040,-,[77908:78040](-),photosystem II protein N,no,no
gene,psbH,78145,78366,+,[78144:78366](+),,no,no
CDS,psbH,78145,78366,+,[78144:78366](+),photosystem II protein H,no,no
gene,petB,78504,79931,+,[78503:79931](+),,no,no
CDS,petB,78504,79931,+,"join{[78503:78509](+), [79289:79931](+)}",cytochrome b6,no,no
gene,petD,80124,81360,+,[80123:81360](+),,no,no
CDS,petD,80124,81360,+,"join{[80123:80130](+), [80887:81360](+)}",cytochrome b6/f complex subunit IV,no,no
gene,rpoA,81556,82569,-,[81555:82569](-),,no,no
CDS,rpoA,81556,82569,-,[81555:82569](-),RNA polymerase alpha subunit,no,no
gene,rps11,82635,83051,-,[82634:83051](-),,no,no
CDS,rps11,82635,83051,-,[82634:83051](-),ribosomal protein S11,no,no
gene,rpl36,83167,83280,-,[83166:83280](-),,no,no
CDS,rpl36,83167,83280,-,[83166:83280](-),ribosomal protein L36,no,no
gene,infA,83397,83508,-,[83396:83508](-),,yes,no
gene,rps8,83624,84028,-,[83623:84028](-),,no,no
CDS,rps8,83624,84028,-,[83623:84028](-),ribosomal protein S8,no,no
gene,rpl14,84217,84585,-,[84216:84585](-),,no,no
CDS,rpl14,84217,84585,-,[84216:84585](-),ribosomal protein L14,no,no
gene,rpl16,84711,86090,-,[84710:86090](-),,no,no
CDS,rpl16,84711,86090,-,"join{[86081:86090](-), [84710:85109](-)}",ribosomal protein L16,no,no
gene,rps3,86250,86900,-,[86249:86900](-),,no,no
CDS,rps3,86250,86900,-,[86249:86900](-),ribosomal protein S3,no,no
gene,rpl22,86933,87364,-,[86932:87364](-),,no,no
CDS,rpl22,86933,87364,-,[86932:87364](-),ribosomal protein L22,no,no
gene,rps19,87428,87706,-,[87427:87706](-),,no,no
CDS,rps19,87428,87706,-,[87427:87706](-),ribosomal protein S19,no,no
gene,rpl2,87763,89251,-,[87762:89251](-),,no,no
CDS,rpl2,87763,89251,-,"join{[88860:89251](-), [87762:88196](-)}",ribosomal protein L2,no,no
gene,rpl23,89276,89557,-,[89275:89557](-),,no,no
CDS,rpl23,89276,89557,-,[89275:89557](-),ribosomal protein L23,no,no
gene,trnI-CAU,89727,89800,-,[89726:89800](-),,no,no
tRNA,trnI-CAU,89727,89800,-,[89726:89800](-),tRNA-Ile,no,no
gene,ycf2,89889,96728,+,[89888:96728](+),,no,no
CDS,ycf2,89889,96728,+,[89888:96728](+),hypothetical chloroplast RF2,no,no
gene,trnL-CAA,97663,97743,-,[97662:97743](-),,no,no
tRNA,trnL-CAA,97663,97743,-,[97662:97743](-),tRNA-Leu,no,no
gene,ndhB,98326,100539,-,[98325:100539](-),,no,no
CDS,ndhB,98326,100539,-,"join{[99762:100539](-), [98325:99081](-)}",NADH-plastoquinone oxidoreductase subunit 2,no,no
gene,rps7,100865,101332,-,[100864:101332](-),,no,no
CDS,rps7,100865,101332,-,[100864:101332](-),ribosomal protein S7,no,no
gene,trnV-GAC,104045,104116,+,[104044:104116](+),,no,no
tRNA,trnV-GAC,104045,104116,+,[104044:104116](+),tRNA-Val,no,no
gene,rrn16,104342,105832,+,[104341:105832](+),,no,no
rRNA,rrn16,104342,105832,+,[104341:105832](+),16S ribosomal RNA,no,no
gene,trnI-GAU,106127,107155,+,[106126:107155](+),,no,no
tRNA,trnI-GAU,106127,107155,+,"join{[106126:106163](+), [107120:107155](+)}",tRNA-Ile,no,no
gene,trnA-UGC,107220,108095,+,[107219:108095](+),,no,no
tRNA,trnA-UGC,107220,108095,+,"join{[107219:107257](+), [108060:108095](+)}",tRNA-Ala,no,no
gene,rrn23,108248,111060,+,[108247:111060](+),,no,no
rRNA,rrn23,108248,111060,+,[108247:111060](+),23S ribosomal RNA,no,no
gene,rrn4.5,111159,111261,+,[111158:111261](+),,no,no
rRNA,rrn4.5,111159,111261,+,[111158:111261](+),4.5S ribosomal RNA,no,no
gene,rrn5,111492,111612,+,[111491:111612](+),,no,no
rRNA,rrn5,111492,111612,+,[111491:111612](+),5S ribosomal RNA,no,no
gene,trnR-ACG,111871,111944,+,[111870:111944](+),,no,no
tRNA,trnR-ACG,111871,111944,+,[111870:111944](+),tRNA-Arg,no,no
gene,trnN-GUU,112556,112627,-,[112555:112627](-),,no,no
tRNA,trnN-GUU,112556,112627,-,[112555:112627](-),tRNA-Asn,no,no
gene,ycf1,112956,114026,+,[112955:114026](+),,yes,no
gene,ndhF,114137,116386,-,[114136:116386](-),,no,no
CDS,ndhF,114137,116386,-,[114136:116386](-),NADH-plastoquinone oxidoreductase subunit 5,no,no
gene,rpl32,117346,117498,+,[117345:117498](+),,no,no
CDS,rpl32,117346,117498,+,[117345:117498](+),ribosomal protein L32,no,no
gene,trnL-UAG,118233,118312,+,[118232:118312](+),,no,no
tRNA,trnL-UAG,118233,118312,+,[118232:118312](+),tRNA-Leu,no,no
gene,ccsA,118426,119385,+,[118425:119385](+),,no,no
CDS,ccsA,118426,119385,+,[118425:119385](+),cytochrome c biogenesis/heme attachment protein,no,no
gene,ndhD,119687,121189,-,[119686:121189](-),,no,no
CDS,ndhD,119687,121189,-,[119686:121189](-),NADH-plastoquinone oxidoreductase subunit 4,no,no
gene,psaC,121338,121583,-,[121337:121583](-),,no,no
CDS,psaC,121338,121583,-,[121337:121583](-),photosystem I subunit VII,no,no
gene,ndhE,121837,122142,-,[121836:122142](-),,no,no
CDS,ndhE,121837,122142,-,[121836:122142](-),NADH-plastoquinone oxidoreductase subunit 4L,no,no
gene,ndhG,122380,122910,-,[122379:122910](-),,no,no
CDS,ndhG,122380,122910,-,[122379:122910](-),NADH-plastoquinone oxidoreductase subunit 6,no,no
gene,ndhI,123322,123807,-,[123321:123807](-),,no,no
CDS,ndhI,123322,123807,-,[123321:123807](-),NADH-plastoquinone oxidoreductase subunit I,no,no
gene,ndhA,123908,126056,-,[123907:126056](-),,no,no
CDS,ndhA,123908,126056,-,"join{[125503:126056](-), [123907:124446](-)}",NADH-plastoquinone oxidoreductase subunit 1,no,no
gene,ndhH,126058,127239,-,[126057:127239](-),,no,no
CDS,ndhH,126058,127239,-,[126057:127239](-),NADH-plastoquinone oxidoreductase subunit 7,no,no
gene,rps15,127346,127618,-,[127345:127618](-),,no,no
CDS,rps15,127346,127618,-,[127345:127618](-),ribosomal protein S15,no,no
gene,ycf1,128036,133561,-,[128035:133561](-),,no,no
CDS,ycf1,128036,133561,-,[128035:133561](-),hypothetical chloroplast RF1,no,no
gene,trnN-GUU,133890,133961,+,[133889:133961](+),,no,no
tRNA,trnN-GUU,133890,133961,+,[133889:133961](+),tRNA-Asn,no,no
gene,trnR-ACG,134573,134646,-,[134572:134646](-),,no,no
tRNA,trnR-ACG,134573,134646,-,[134572:134646](-),tRNA-Arg,no,no
gene,rrn5,134905,135025,-,[134904:135025](-),,no,no
rRNA,rrn5,134905,135025,-,[134904:135025](-),5S ribosomal RNA,no,no
gene,rrn4.5,135256,135358,-,[135255:135358](-),,no,no
rRNA,rrn4.5,135256,135358,-,[135255:135358](-),4.5S ribosomal RNA,no,no
gene,rrn23,135457,138269,-,[135456:138269](-),,no,no
rRNA,rrn23,135457,138269,-,[135456:138269](-),23S ribosomal RNA,no,no
gene,trnA-UGC,138422,139297,-,[138421:139297](-),,no,no
tRNA,trnA-UGC,138422,139297,-,"join{[139259:139297](-), [138421:138456](-)}",tRNA-Ala,no,no
gene,trnI-GAU,139362,140390,-,[139361:140390](-),,no,no
tRNA,trnI-GAU,139362,140390,-,"join{[140353:140390](-), [139361:139396](-)}",tRNA-Ile,no,no
gene,rrn16,140685,142175,-,[140684:142175](-),,no,no
rRNA,rrn16,140685,142175,-,[140684:142175](-),16S ribosomal RNA,no,no
gene,trnV-GAC,142401,142472,-,[142400:142472](-),,no,no
tRNA,trnV-GAC,142401,142472,-,[142400:142472](-),tRNA-Val,no,no
gene,rps7,145185,145652,+,[145184:145652](+),,no,no
CDS,rps7,145185,145652,+,[145184:145652](+),ribosomal protein S7,no,no
gene,ndhB,145978,148191,+,[145977:148191](+),,no,no
CDS,ndhB,145978,148191,+,"join{[145977:146754](+), [147435:148191](+)}",NADH-plastoquinone oxidoreductase subunit 2,no,no
gene,trnL-CAA,148774,148854,+,[148773:148854](+),,no,no
tRNA,trnL-CAA,148774,148854,+,[148773:148854](+),tRNA-Leu,no,no
gene,ycf2,149789,156628,-,[149788:156628](-),,no,no
CDS,ycf2,149789,156628,-,[149788:156628](-),hypothetical chloroplast RF2,no,no
gene,trnI-CAU,156717,156790,+,[156716:156790](+),,no,no
tRNA,trnI-CAU,156717,156790,+,[156716:156790](+),tRNA-Ile,no,no
gene,rpl23,156960,157241,+,[156959:157241](+),,no,no
CDS,rpl23,156960,157241,+,[156959:157241](+),ribosomal protein L23,no,no
gene,rpl2,157266,158754,+,[157265:158754](+),,no,no
CDS,rpl2,157266,158754,+,"join{[157265:157656](+), [158320:158754](+)}",ribosomal protein L2,no,no
gene,rps19,158811,158841,+,[158810:158841](+),,yes,no
